{
  "checkpoint": "checkpoints/ablations/plus_c/best.pt",
  "tone_manifest": "manifests/tone_eval_val_no_overlap.tsv",
  "manifest_items": 205282,
  "max_items": 20000,
  "selected_items": 20000,
  "num_shards": 4,
  "shuffle": true,
  "seed": 20260706,
  "items": 20000,
  "tone_accuracy": 0.57485,
  "confusion": [
    [
      5290,
      238,
      301,
      53,
      26,
      180
    ],
    [
      1674,
      2397,
      44,
      99,
      52,
      70
    ],
    [
      1741,
      125,
      1242,
      136,
      25,
      382
    ],
    [
      529,
      200,
      121,
      709,
      49,
      215
    ],
    [
      181,
      88,
      7,
      55,
      408,
      82
    ],
    [
      1396,
      100,
      92,
      159,
      83,
      1451
    ]
  ],
  "f0_rmse": 3.3402277675487047,
  "f0_corr": 0.9333069476887771,
  "vuv_error": 0.06401825700249415,
  "metric_sums": {
    "f0_rmse": 59011.80396928296,
    "f0_corr": 16443.001804380874,
    "vuv_error": 1280.365140049883
  },
  "metric_counts": {
    "f0_rmse": 17667,
    "f0_corr": 17618,
    "vuv_error": 20000
  },
  "shards": [
    "tone_val_no_overlap_plus_c_20k_shard00of04.json",
    "tone_val_no_overlap_plus_c_20k_shard01of04.json",
    "tone_val_no_overlap_plus_c_20k_shard02of04.json",
    "tone_val_no_overlap_plus_c_20k_shard03of04.json"
  ]
}