{
  "baseline": {
    "mean": 3.4199204880156095,
    "min": 3.368286565768621,
    "max": 3.4470165065700047,
    "spread": 0.07872994080138351
  },
  "plus_c": {
    "mean": 3.125013581079237,
    "min": 3.0585648622011723,
    "max": 3.1722048891647856,
    "spread": 0.1136400269636133
  },
  "plus_cb": {
    "mean": 3.062260913213738,
    "min": 3.029171497621744,
    "max": 3.0789121233869143,
    "spread": 0.04974062576517024
  },
  "plus_cba": {
    "mean": 3.2198019875183683,
    "min": 3.218840384597961,
    "max": 3.2204656807884007,
    "spread": 0.0016252961904394958
  },
  "cb_worst_vs_base_best": -0.28937444238170684,
  "c_worst_vs_base_best": -0.19608167660383558
}