{
  "real_tone_accuracy": 0.58905,
  "per_tone": [
    0.8774638633377135,
    0.5689575645756457,
    0.3536017529443988,
    0.4097641250685683,
    0.5176613885505481,
    0.4599207558671137
  ],
  "confusion": [
    [
      5342,
      234,
      283,
      47,
      20,
      162
    ],
    [
      1621,
      2467,
      38,
      97,
      46,
      67
    ],
    [
      1746,
      115,
      1291,
      124,
      27,
      348
    ],
    [
      490,
      211,
      142,
      747,
      39,
      194
    ],
    [
      171,
      87,
      4,
      61,
      425,
      73
    ],
    [
      1335,
      103,
      85,
      159,
      90,
      1509
    ]
  ],
  "items": 20000
}