model	n	correct	correct_lo	correct_hi	f0_rmse	f0_rmse_lo	f0_rmse_hi	f0_corr	f0_corr_lo	f0_corr_hi	vuv_error	vuv_error_lo	vuv_error_hi
vocos_pretrained_en	20000	0.5706	0.5638	0.57735	3.6333045698263593	3.4128895804355253	3.8799292888229426	0.9259254509871049	0.9230666023607782	0.9287584496476663	0.06871502944999999	0.06675465791625	0.07075533628875
bigvgan_v2	20000	0.5831	0.5759	0.5902	2.2823039985907556	2.139162600314261	2.430933678390643	0.9638836561157587	0.9620941891391589	0.9655449092880963	0.034697426100000005	0.0331376746425	0.036296778365
baseline	20000	0.5748	0.56774875	0.58175	3.49751145978902	3.2709576218423893	3.738045434282838	0.9347220206994598	0.9320778102374183	0.9374052907421098	0.06422563695	0.06228737018875	0.06610933166499999
plus_c	20000	0.57485	0.5682475	0.5816	3.340227765778004	3.128150703063621	3.5692955927562684	0.933306946531956	0.9303791835267907	0.9360270178155863	0.06401828010000002	0.062060877711250004	0.06588353686
plus_cb	20000	0.5773	0.57044625	0.5839025	3.2711619063332766	3.065540270427227	3.4930470069994897	0.934889122193805	0.9322667550994601	0.937612999788292	0.0625697992	0.060693892476250004	0.0646957672725
plus_cba	20000	0.57365	0.56685	0.5801012499999999	3.4017597516454834	3.1964829799662393	3.6275192270341576	0.9341137458330964	0.9314934540659309	0.936775268773821	0.0633333451	0.06127367870875	0.06527156285125
