{
  "n_voices": 80,
  "n_descriptor": 59,
  "n_plain": 21,
  "descriptor": {
    "n": 13208,
    "base": 3.5043363808297996,
    "cb": 3.2359778302543916,
    "delta": -0.2683585505754089,
    "p": 5.043990712838207e-07
  },
  "plain": {
    "n": 4233,
    "base": 3.2682868145523267,
    "cb": 3.1568757566737538,
    "delta": -0.11141105787857315,
    "p": 0.3225229398515862
  },
  "segment_fraction": {
    "descriptor": 0.75115,
    "plain": 0.24885
  }
}