{
  "baseline": {
    "n": 2500,
    "mean": 0.047452482361843185,
    "sd": 0.006420170370605567
  },
  "plus_c": {
    "n": 2500,
    "mean": 0.04775588845089078,
    "sd": 0.006559456350862854
  },
  "plus_cb": {
    "n": 2500,
    "mean": 0.04799269534175595,
    "sd": 0.006725824305175112
  },
  "plus_cba": {
    "n": 2500,
    "mean": 0.04888385442197323,
    "sd": 0.006582661363204622
  },
  "cba_vs_cb": {
    "delta": 0.0008911590802172821,
    "p": 2.434843658507488e-27
  },
  "cba_vs_base": {
    "delta": 0.0014313720601300398,
    "p": 1.969129278738414e-67
  }
}