model	n	utmos	pesq_wb	estoi	mcd_db
ground_truth	499	2.876395390781563			
baseline	499	2.6918851703406816	3.404103815261044	0.9587905811623247	2.5091320641282566
bigvgan_v2	499	2.8867873747494985	4.337115060240964	0.9901082164328656	3.0779302605210423
plus_c	499	2.6932130260521046	3.4218849397590363	0.9591827655310621	2.501694388777555
plus_cb	499	2.69949498997996	3.4404777108433735	0.959630861723447	2.5081292585170343
plus_cba	499	2.6400721442885775	3.412956425702811	0.9569677354709419	2.548890781563126
vocos_pretrained_en	499	2.603191583166333	3.2840841365461846	0.9529342685370742	2.8063621242484973
